WigleWifi-1.4,appRelease=2.60,model=SM-G973F,release=11,device=beyond1,display=RP1A.200720.012.G973FXXU9FUCD,board=exynos9820,brand=samsung
MAC,SSID,AuthMode,FirstSeen,Channel,RSSI,CurrentLatitude,CurrentLongitude,AltitudeMeters,AccuracyMeters,Type
7b:99:8d:79:01:b4,,Misc,2021-05-13 17:41:35,7936,-84,59.91850648451386,10.76097151898649,107.19519649715424,32,BLE
60:7e:c9:2f:30:02,Camilla sin iPhone,Smartphone;12,2021-05-13 17:41:35,524,-72,59.91850648451386,10.76097151898649,107.19519649715424,32,BLE
4e:5c:7c:8c:c7:4f,,Uncategorized;10,2021-05-13 17:41:35,7936,-86,59.91850648451386,10.76097151898649,107.19519649715424,32,BT
e6:6c:74:3d:75:b9,,Uncategorized;10,2021-05-13 17:41:35,7936,-81,59.91850648451386,10.76097151898649,107.19519649715424,32,BT
46:fb:fe:65:63:f7,,Uncategorized;10,2021-05-13 17:41:35,7936,-82,59.91850648451386,10.76097151898649,107.19519649715424,32,BLE
6c:27:be:60:a6:5e,,Misc,2021-05-13 17:41:35,7936,-80,59.91850648451386,10.76097151898649,107.19519649715424,32,BLE
68:64:4b:48:8b:91,,Uncategorized;10,2021-05-13 17:41:36,7936,-72,59.9184629156345,10.761118415562315,109.115947805348,32,BLE
fe:9f:c2:04:e8:2d,,[WPA2-PSK-CCMP][RSN-PSK-CCMP][ESS],2021-05-13 17:41:36,149,-59,59.9184629156345,10.761118415562315,109.115947805348,32,WIFI
f0:9f:c2:04:e8:2d,SS_ansatt,[WPA2-PSK-CCMP][RSN-PSK-CCMP][ESS][WPS],2021-05-13 17:41:36,149,-59,59.9184629156345,10.761118415562315,109.115947805348,32,WIFI
f2:9f:c2:04:e8:2d,SS_gjester,[WPA2-PSK-CCMP][RSN-PSK-CCMP][ESS],2021-05-13 17:41:36,149,-59,59.9184629156345,10.761118415562315,109.115947805348,32,WIFI
f6:9f:c2:04:e8:2d,,[WPA2-PSK-CCMP][RSN-PSK-CCMP][ESS],2021-05-13 17:41:36,149,-59,59.9184629156345,10.761118415562315,109.115947805348,32,WIFI
fa:9f:c2:04:e8:2d,,[WPA2-PSK-CCMP][RSN-PSK-CCMP][ESS],2021-05-13 17:41:36,149,-59,59.9184629156345,10.761118415562315,109.115947805348,32,WIFI
00:17:13:25:c7:44,Vekstika2_44,[WPA-PSK-TKIP+CCMP][WPA2-PSK-TKIP+CCMP][RSN-PSK-TKIP+CCMP][ESS],2021-05-13 17:41:36,3,-66,59.9184629156345,10.761118415562315,109.115947805348,32,WIFI
fa:8f:ca:56:aa:6c,,[ESS],2021-05-13 17:41:36,60,-71,59.9184629156345,10.761118415562315,109.115947805348,32,WIFI
f0:9f:c2:03:f3:0d,SS_ansatt,[WPA2-PSK-CCMP][RSN-PSK-CCMP][ESS][WPS],2021-05-13 17:41:36,11,-71,59.9184629156345,10.761118415562315,109.115947805348,32,WIFI
ec:be:dd:b4:c8:bd,Get-B4C8B7,[WPA2-PSK-CCMP][RSN-PSK-CCMP][ESS][WPS],2021-05-13 17:41:36,108,-72,59.9184629156345,10.761118415562315,109.115947805348,32,WIFI
00:12:5f:11:2e:1a,WiPG-1000,[ESS],2021-05-13 17:41:36,9,-74,59.9184629156345,10.761118415562315,109.115947805348,32,WIFI
f4:17:b8:c0:23:1b,Air4930_4RP7,[WPA2-PSK-CCMP][RSN-PSK-CCMP][ESS][WPS],2021-05-13 17:41:36,64,-75,59.9184629156345,10.761118415562315,109.115947805348,32,WIFI
ec:be:dd:b4:cf:62,Get-B4CF5C,[WPA2-PSK-CCMP][RSN-PSK-CCMP][ESS][WPS],2021-05-13 17:41:36,108,-79,59.9184629156345,10.761118415562315,109.115947805348,32,WIFI
f4:17:b8:c0:1f:77,tjukken,[WPA2-PSK-CCMP][RSN-PSK-CCMP][ESS][WPS],2021-05-13 17:41:36,100,-79,59.9184629156345,10.761118415562315,109.115947805348,32,WIFI
56:3a:1e:83:ac:5d,,[WPA2-EAP-CCMP][RSN-EAP-CCMP][ESS],2021-05-13 17:41:36,6,-79,59.9184629156345,10.761118415562315,109.115947805348,32,WIFI
98:da:c4:9c:9f:b2,Vekstika2,[WPA2-PSK-CCMP][RSN-PSK-CCMP][ESS][WPS],2021-05-13 17:41:36,3,-80,59.9184629156345,10.761118415562315,109.115947805348,32,WIFI
f4:17:b8:c6:fa:5f,Air4930_7HKC,[WPA2-PSK-CCMP][RSN-PSK-CCMP][ESS][WPS],2021-05-13 17:41:36,56,-80,59.9184629156345,10.761118415562315,109.115947805348,32,WIFI
3a:56:fe:c8:81:ca,Qsys,[WPA2-PSK-CCMP+TKIP][RSN-PSK-CCMP+TKIP][WPA-PSK-CCMP+TKIP][ESS],2021-05-13 17:41:36,11,-82,59.9184629156345,10.761118415562315,109.115947805348,32,WIFI
98:1e:19:a3:14:10,Get-2G-A3140B,[WPA2-PSK-CCMP][RSN-PSK-CCMP][ESS][WPS],2021-05-13 17:41:36,6,-82,59.9184629156345,10.761118415562315,109.115947805348,32,WIFI
a8:6a:bb:dd:a6:96,Get-2G-DDA691,[WPA2-PSK-CCMP][RSN-PSK-CCMP][ESS][WPS],2021-05-13 17:41:36,6,-82,59.9184629156345,10.761118415562315,109.115947805348,32,WIFI
8c:c5:b4:db:f5:30,DeBill 2G,[WPA2-PSK-CCMP][RSN-PSK-CCMP][ESS][WPS],2021-05-13 17:41:36,11,-82,59.9184629156345,10.761118415562315,109.115947805348,32,WIFI
f2:9f:c2:04:f2:c0,SS_ansatt,[WPA2-PSK-CCMP][RSN-PSK-CCMP][ESS][WPS],2021-05-13 17:41:36,149,-84,59.9184629156345,10.761118415562315,109.115947805348,32,WIFI
6a:3a:0e:83:ac:5d,GWS,[WPA2-PSK-CCMP][RSN-PSK-CCMP][ESS],2021-05-13 17:41:36,136,-84,59.9184629156345,10.761118415562315,109.115947805348,32,WIFI
f4:17:b8:c0:24:2b,Air4930_7ND8,[WPA2-PSK-CCMP][RSN-PSK-CCMP][ESS][WPS],2021-05-13 17:41:36,60,-84,59.9184629156345,10.761118415562315,109.115947805348,32,WIFI
f6:9f:c2:04:f2:c0,SS_gjester,[WPA2-PSK-CCMP][RSN-PSK-CCMP][ESS],2021-05-13 17:41:36,149,-85,59.9184629156345,10.761118415562315,109.115947805348,32,WIFI
e2:9f:c2:04:f2:c0,,[WPA2-PSK-CCMP][RSN-PSK-CCMP][ESS],2021-05-13 17:41:36,149,-85,59.9184629156345,10.761118415562315,109.115947805348,32,WIFI
6e:3a:0e:83:ac:5d,GWS Gjest,[WPA2-PSK-CCMP][RSN-PSK-CCMP][ESS],2021-05-13 17:41:36,136,-85,59.9184629156345,10.761118415562315,109.115947805348,32,WIFI
56:3a:0e:83:ac:5d,,[WPA2-EAP-CCMP][RSN-EAP-CCMP][ESS],2021-05-13 17:41:36,136,-85,59.9184629156345,10.761118415562315,109.115947805348,32,WIFI
f4:17:b8:c0:23:73,Air4930_SY74,[WPA2-PSK-CCMP][RSN-PSK-CCMP][ESS][WPS],2021-05-13 17:41:36,64,-85,59.9184629156345,10.761118415562315,109.115947805348,32,WIFI
f4:17:b8:c0:22:7b,Air4930_CR79,[WPA2-PSK-CCMP][RSN-PSK-CCMP][ESS][WPS],2021-05-13 17:41:36,52,-85,59.9184629156345,10.761118415562315,109.115947805348,32,WIFI
fa:9f:c2:04:f2:c0,,[WPA2-PSK-CCMP][RSN-PSK-CCMP][ESS],2021-05-13 17:41:36,149,-85,59.9184629156345,10.761118415562315,109.115947805348,32,WIFI
f2:9f:c2:04:f3:0d,SS_ansatt,[WPA2-PSK-CCMP][RSN-PSK-CCMP][ESS][WPS],2021-05-13 17:41:36,149,-86,59.9184629156345,10.761118415562315,109.115947805348,32,WIFI
fa:9f:c2:04:f3:0d,,[WPA2-PSK-CCMP][RSN-PSK-CCMP][ESS],2021-05-13 17:41:36,149,-86,59.9184629156345,10.761118415562315,109.115947805348,32,WIFI
f4:17:b8:c0:22:af,Air4930_9F47,[WPA2-PSK-CCMP][RSN-PSK-CCMP][ESS][WPS],2021-05-13 17:41:36,108,-86,59.9184629156345,10.761118415562315,109.115947805348,32,WIFI
e2:9f:c2:04:f3:0d,,[WPA2-PSK-CCMP][RSN-PSK-CCMP][ESS],2021-05-13 17:41:36,149,-86,59.9184629156345,10.761118415562315,109.115947805348,32,WIFI
f4:17:b8:c0:23:ff,Air4930_D847,[WPA2-PSK-CCMP][RSN-PSK-CCMP][ESS][WPS],2021-05-13 17:41:36,56,-86,59.9184629156345,10.761118415562315,109.115947805348,32,WIFI
fe:9f:c2:04:f3:0d,,[WPA2-PSK-CCMP][RSN-PSK-CCMP][ESS],2021-05-13 17:41:36,149,-87,59.9184629156345,10.761118415562315,109.115947805348,32,WIFI
98:1e:19:a3:e7:6f,Get-A3E769,[WPA2-PSK-CCMP][RSN-PSK-CCMP][ESS][WPS],2021-05-13 17:41:36,100,-87,59.9184629156345,10.761118415562315,109.115947805348,32,WIFI
70:8b:cd:89:34:cc,Inter Niet_5G,[WPA2-PSK-CCMP][RSN-PSK-CCMP][ESS],2021-05-13 17:41:36,52,-87,59.9184629156345,10.761118415562315,109.115947805348,32,WIFI
f4:17:b8:c0:23:67,Air4930_4374,[WPA2-PSK-CCMP][RSN-PSK-CCMP][ESS][WPS],2021-05-13 17:41:36,108,-87,59.9184629156345,10.761118415562315,109.115947805348,32,WIFI
38:d5:47:1f:9d:bc,ASUS_5G,[WPA2-PSK-CCMP][RSN-PSK-CCMP][ESS][WPS],2021-05-13 17:41:36,112,-87,59.9184629156345,10.761118415562315,109.115947805348,32,WIFI
f6:9f:c2:04:f3:0d,SS_gjester,[WPA2-PSK-CCMP][RSN-PSK-CCMP][ESS],2021-05-13 17:41:36,149,-87,59.9184629156345,10.761118415562315,109.115947805348,32,WIFI
98:1e:19:a2:56:38,Guru 5G,[WPA2-PSK-CCMP][RSN-PSK-CCMP][ESS][WPS],2021-05-13 17:41:36,136,-88,59.9184629156345,10.761118415562315,109.115947805348,32,WIFI
f4:17:b8:c0:25:2b,Botten,[WPA2-PSK-CCMP][RSN-PSK-CCMP][ESS][WPS],2021-05-13 17:41:36,60,-88,59.9184629156345,10.761118415562315,109.115947805348,32,WIFI
d0:6e:de:91:5b:74,Trangere enn 6. etasje,[WPA2-PSK-CCMP][RSN-PSK-CCMP][ESS][WPS],2021-05-13 17:41:36,64,-88,59.9184629156345,10.761118415562315,109.115947805348,32,WIFI
34:21:09:76:2a:1c,Bli itj fæst,[WPA2-PSK+FT/PSK-TKIP+CCMP][RSN-PSK+FT/PSK-TKIP+CCMP][ESS],2021-05-13 17:41:36,40,-89,59.9184629156345,10.761118415562315,109.115947805348,32,WIFI
1c:74:0d:31:40:7b,Satan i gatan-5GHz,[WPA2-PSK-CCMP][RSN-PSK-CCMP][ESS],2021-05-13 17:41:36,100,-89,59.9184629156345,10.761118415562315,109.115947805348,32,WIFI
88:d7:f6:45:a9:cc,Uglepose5,[WPA2-PSK-CCMP][RSN-PSK-CCMP][ESS][WPS],2021-05-13 17:41:36,108,-89,59.9184629156345,10.761118415562315,109.115947805348,32,WIFI
30:93:bc:b2:b6:6c,Queen N 5 GHz,[WPA2-PSK-CCMP][RSN-PSK-CCMP][ESS][WPS],2021-05-13 17:41:36,112,-89,59.9184629156345,10.761118415562315,109.115947805348,32,WIFI
f4:17:b8:c1:f7:bb,AirTies_VF4E,[WPA2-PSK-CCMP][RSN-PSK-CCMP][ESS][WPS],2021-05-13 17:41:36,104,-90,59.9184629156345,10.761118415562315,109.115947805348,32,WIFI
a8:6a:bb:dd:a6:97,Get-DDA691,[WPA2-PSK-CCMP][RSN-PSK-CCMP][ESS][WPS],2021-05-13 17:41:36,60,-90,59.9184629156345,10.761118415562315,109.115947805348,32,WIFI
98:da:c4:9c:9f:b3,Vekstika2,[WPA2-PSK-CCMP][RSN-PSK-CCMP][ESS][WPS],2021-05-13 17:41:36,48,-91,59.9184629156345,10.761118415562315,109.115947805348,32,WIFI
d0:6e:de:90:87:0c,Get-5G-908706,[WPA2-PSK-CCMP][RSN-PSK-CCMP][ESS][WPS],2021-05-13 17:41:36,56,-91,59.9184629156345,10.761118415562315,109.115947805348,32,WIFI
f4:17:b8:c0:1f:83,Air4930_VSKN,[WPA2-PSK-CCMP][RSN-PSK-CCMP][ESS][WPS],2021-05-13 17:41:36,56,-91,59.9184629156345,10.761118415562315,109.115947805348,32,WIFI
38:0e:4d:f1:4c:c5,VAV-Guest,[ESS],2021-05-13 17:41:36,100,-91,59.9184629156345,10.761118415562315,109.115947805348,32,WIFI
fa:8f:ca:34:d2:bc,,[ESS],2021-05-13 17:41:36,108,-91,59.9184629156345,10.761118415562315,109.115947805348,32,WIFI
38:0e:4d:f1:4c:c6,VAV-ansatt,[WPA2-EAP-CCMP][RSN-EAP-CCMP][ESS],2021-05-13 17:41:36,100,-91,59.9184629156345,10.761118415562315,109.115947805348,32,WIFI
38:0e:4d:f1:4c:c8,H5-mobil,[WPA2-PSK-CCMP][RSN-PSK-CCMP][ESS],2021-05-13 17:41:36,100,-91,59.9184629156345,10.761118415562315,109.115947805348,32,WIFI
6e:3a:0e:83:d3:71,GWS Gjest,[WPA2-PSK-CCMP][RSN-PSK-CCMP][ESS],2021-05-13 17:41:36,44,-92,59.9184629156345,10.761118415562315,109.115947805348,32,WIFI
f4:17:b8:c0:23:3f,Air4930_34DK,[WPA2-PSK-CCMP][RSN-PSK-CCMP][ESS][WPS],2021-05-13 17:41:36,56,-92,59.9184629156345,10.761118415562315,109.115947805348,32,WIFI
f4:17:b8:c0:23:6f,Air4930_H889,[WPA2-PSK-CCMP][RSN-PSK-CCMP][ESS][WPS],2021-05-13 17:41:36,56,-92,59.9184629156345,10.761118415562315,109.115947805348,32,WIFI
f4:17:b8:c0:22:d7,Air4930_FR34,[WPA2-PSK-CCMP][RSN-PSK-CCMP][ESS][WPS],2021-05-13 17:41:36,100,-92,59.9184629156345,10.761118415562315,109.115947805348,32,WIFI
f4:17:b8:c0:20:27,Air4930_8D73,[WPA2-PSK-CCMP][RSN-PSK-CCMP][ESS][WPS],2021-05-13 17:41:36,104,-92,59.9184629156345,10.761118415562315,109.115947805348,32,WIFI
f4:17:b8:c0:23:27,Air4930_7YCS,[WPA2-PSK-CCMP][RSN-PSK-CCMP][ESS][WPS],2021-05-13 17:41:36,108,-92,59.9184629156345,10.761118415562315,109.115947805348,32,WIFI
38:0e:4d:f1:4c:c9,vav-info,[WPA2-PSK-CCMP][RSN-PSK-CCMP][ESS],2021-05-13 17:41:36,100,-92,59.9184629156345,10.761118415562315,109.115947805348,32,WIFI
38:0e:4d:f1:4c:c7,VAV-mobil,[WPA2-PSK-CCMP][RSN-PSK-CCMP][ESS],2021-05-13 17:41:36,100,-92,59.9184629156345,10.761118415562315,109.115947805348,32,WIFI
6a:3a:0e:83:d3:71,GWS,[WPA2-PSK-CCMP][RSN-PSK-CCMP][ESS],2021-05-13 17:41:36,44,-93,59.9184629156345,10.761118415562315,109.115947805348,32,WIFI
ec:be:dd:b5:b6:a8,Get-B5B6A2,[WPA2-PSK-CCMP][RSN-PSK-CCMP][ESS][WPS],2021-05-13 17:41:36,100,-93,59.9184629156345,10.761118415562315,109.115947805348,32,WIFI
f4:17:b8:c0:22:03,Air4930_RS34,[WPA2-PSK-CCMP][RSN-PSK-CCMP][ESS][WPS],2021-05-13 17:41:36,52,-93,59.9184629156345,10.761118415562315,109.115947805348,32,WIFI
f4:17:b8:c0:23:63,Air4930_LNV7,[WPA2-PSK-CCMP][RSN-PSK-CCMP][ESS][WPS],2021-05-13 17:41:36,60,-93,59.9184629156345,10.761118415562315,109.115947805348,32,WIFI
f4:17:b8:c0:22:ab,Air4930_8989,[WPA2-PSK-CCMP][RSN-PSK-CCMP][ESS][WPS],2021-05-13 17:41:36,64,-93,59.9184629156345,10.761118415562315,109.115947805348,32,WIFI
f4:17:b8:c0:13:ff,Air4930_34N3,[WPA2-PSK-CCMP][RSN-PSK-CCMP][ESS][WPS],2021-05-13 17:41:36,64,-93,59.9184629156345,10.761118415562315,109.115947805348,32,WIFI
d0:17:c2:60:19:bc,TBGG-WIFI_5G,[WPA2-PSK-CCMP][RSN-PSK-CCMP][ESS][WPS],2021-05-13 17:41:36,100,-93,59.9184629156345,10.761118415562315,109.115947805348,32,WIFI
f0:81:75:23:c1:01,Get-23C0FB,[WPA2-PSK-CCMP][RSN-PSK-CCMP][ESS][WPS],2021-05-13 17:41:36,100,-93,59.9184629156345,10.761118415562315,109.115947805348,32,WIFI
56:3a:0e:83:d3:71,,[WPA2-EAP-CCMP][RSN-EAP-CCMP][ESS],2021-05-13 17:41:36,44,-94,59.9184629156345,10.761118415562315,109.115947805348,32,WIFI
f4:17:b8:c0:1f:8b,Air4930_47R7,[WPA2-PSK-CCMP][RSN-PSK-CCMP][ESS][WPS],2021-05-13 17:41:36,52,-94,59.9184629156345,10.761118415562315,109.115947805348,32,WIFI
f4:17:b8:c0:22:4b,Air4930_S999,[WPA2-PSK-CCMP][RSN-PSK-CCMP][ESS][WPS],2021-05-13 17:41:36,60,-94,59.9184629156345,10.761118415562315,109.115947805348,32,WIFI
f4:17:b8:c0:22:bf,Air4930_7398,[WPA2-PSK-CCMP][RSN-PSK-CCMP][ESS][WPS],2021-05-13 17:41:36,64,-94,59.9184629156345,10.761118415562315,109.115947805348,32,WIFI
f4:17:b8:c0:21:f3,Air4930_8774,[WPA2-PSK-CCMP][RSN-PSK-CCMP][ESS][WPS],2021-05-13 17:41:36,112,-94,59.9184629156345,10.761118415562315,109.115947805348,32,WIFI
8c:c5:b4:db:b6:4d,Get-DBB647,[WPA2-PSK-CCMP][RSN-PSK-CCMP][ESS][WPS],2021-05-13 17:41:36,136,-94,59.9184629156345,10.761118415562315,109.115947805348,32,WIFI
9a:8a:20:06:78:ea,Megapop,[WPA2-PSK-CCMP][RSN-PSK-CCMP][ESS],2021-05-13 17:41:36,40,-94,59.9184629156345,10.761118415562315,109.115947805348,32,WIFI
78:8a:20:06:78:ea,Oslo Gamehub,[WPA2-PSK-CCMP][RSN-PSK-CCMP][ESS],2021-05-13 17:41:36,40,-94,59.9184629156345,10.761118415562315,109.115947805348,32,WIFI
8a:8a:20:06:78:ea,Krillbite,[WPA2-PSK-CCMP][RSN-PSK-CCMP][ESS],2021-05-13 17:41:36,40,-94,59.9184629156345,10.761118415562315,109.115947805348,32,WIFI
f4:17:b8:7f:f7:1b,Air4930_3CV3,[WPA2-PSK-CCMP][RSN-PSK-CCMP][ESS][WPS],2021-05-13 17:41:36,100,-94,59.9184629156345,10.761118415562315,109.115947805348,32,WIFI
44:ad:b1:31:4a:ea,Agnes&KA5G,[WPA2-PSK-CCMP][RSN-PSK-CCMP][ESS][WPS],2021-05-13 17:41:36,136,-94,59.9184629156345,10.761118415562315,109.115947805348,32,WIFI
6c:b2:ae:13:8b:26,VAV-ansatt,[WPA2-EAP-CCMP][RSN-EAP-CCMP][ESS],2021-05-13 17:41:36,52,-94,59.9184629156345,10.761118415562315,109.115947805348,32,WIFI
ec:be:dd:b3:7a:1b,,[WPA2-PSK-CCMP][RSN-PSK-CCMP][ESS][WPS],2021-05-13 17:41:36,56,-94,59.9184629156345,10.761118415562315,109.115947805348,32,WIFI
7a:8a:20:06:78:ea,Hyper Games,[WPA2-PSK-CCMP][RSN-PSK-CCMP][ESS],2021-05-13 17:41:36,40,-94,59.9184629156345,10.761118415562315,109.115947805348,32,WIFI
5c:e2:8c:1a:84:d8,Pretty fly for a WiFi-5GHz,[WPA2-PSK-CCMP][RSN-PSK-CCMP][ESS],2021-05-13 17:41:36,100,-94,59.9184629156345,10.761118415562315,109.115947805348,32,WIFI
f4:17:b8:9d:d8:09,AirTies_VF4E,[WPA2-PSK-CCMP][RSN-PSK-CCMP][ESS][WPS],2021-05-13 17:41:36,104,-95,59.9184629156345,10.761118415562315,109.115947805348,32,WIFI
f4:17:b8:c0:22:db,Air4930_938K,[WPA2-PSK-CCMP][RSN-PSK-CCMP][ESS][WPS],2021-05-13 17:41:36,56,-95,59.9184629156345,10.761118415562315,109.115947805348,32,WIFI
98:1e:19:a4:b3:2c,Ida 5GHz,[WPA2-PSK-CCMP][RSN-PSK-CCMP][ESS][WPS],2021-05-13 17:41:36,104,-95,59.9184629156345,10.761118415562315,109.115947805348,32,WIFI
5c:f4:ab:48:40:0d,BMR-Network,[WPA2-PSK-CCMP][RSN-PSK-CCMP][ESS],2021-05-13 17:41:36,36,-96,59.9184629156345,10.761118415562315,109.115947805348,32,WIFI
f4:17:b8:c0:1f:f3,Air4930_4RD9,[WPA2-PSK-CCMP][RSN-PSK-CCMP][ESS][WPS],2021-05-13 17:41:36,56,-96,59.9184629156345,10.761118415562315,109.115947805348,32,WIFI
24214_10008_31257611,ICE Communication Norge AS,UNKNOWN;no,2021-05-13 17:41:36,1850,-113,59.9184629156345,10.761118415562315,109.115947805348,32,GSM
24214_10008_31257611,ICE Communication Norge AS,UNKNOWN;no,2021-05-13 17:41:36,1850,-81,59.9184629156345,10.761118415562315,109.115947805348,32,GSM
2d:45:d2:c3:5e:de,,Uncategorized;10,2021-05-13 17:41:37,7936,-81,59.91836879325553,10.760905616715739,82.69795438786376,16,BT
08:ef:3b:5b:9f:1b,LG LAS550H(1B),HiFi;10,2021-05-13 17:41:37,1064,-71,59.91836879325553,10.760905616715739,82.69795438786376,16,BT
6b:a5:95:a4:55:cf,,Uncategorized;10,2021-05-13 17:41:38,7936,-81,59.918377302483414,10.760901151325166,85.08129582497335,24,BLE
4a:f9:8d:21:a0:02,,Uncategorized;10,2021-05-13 17:41:38,7936,-85,59.918377302483414,10.760901151325166,85.08129582497335,24,BT
5b:77:cc:54:ab:e6,,Uncategorized;10,2021-05-13 17:41:38,7936,-82,59.918377302483414,10.760901151325166,85.08129582497335,24,BLE
57:ce:35:23:40:ec,,Uncategorized;10,2021-05-13 17:41:38,7936,-85,59.918377302483414,10.760901151325166,85.08129582497335,24,BT
f4:17:b8:c0:25:2a,Botten,[WPA2-PSK-CCMP][RSN-PSK-CCMP][ESS][WPS],2021-05-13 17:41:38,6,-69,59.918377302483414,10.760901151325166,85.08129582497335,24,WIFI
f4:17:b8:c0:22:7a,Air4930_CR79,[WPA2-PSK-CCMP][RSN-PSK-CCMP][ESS][WPS],2021-05-13 17:41:38,11,-72,59.918377302483414,10.760901151325166,85.08129582497335,24,WIFI
68:3a:1e:83:ac:5d,GWS,[WPA2-PSK-CCMP][RSN-PSK-CCMP][ESS],2021-05-13 17:41:38,6,-73,59.918377302483414,10.760901151325166,85.08129582497335,24,WIFI
6e:3a:1e:83:ac:5d,GWS Gjest,[WPA2-PSK-CCMP][RSN-PSK-CCMP][ESS],2021-05-13 17:41:38,6,-73,59.918377302483414,10.760901151325166,85.08129582497335,24,WIFI
e4:f0:42:d3:05:00,H0706,[WPA2-PSK-CCMP][RSN-PSK-CCMP][ESS],2021-05-13 17:41:38,11,-74,59.918377302483414,10.760901151325166,85.08129582497335,24,WIFI
be:30:7e:e1:b2:2e,DIRECT-zV-MPC4504_c251,[WPA2-PSK-CCMP][RSN-PSK-CCMP][ESS][WPS],2021-05-13 17:41:38,6,-79,59.918377302483414,10.760901151325166,85.08129582497335,24,WIFI
98:da:c4:9c:81:26,Vekstika2,[WPA2-PSK-CCMP][RSN-PSK-CCMP][ESS][WPS],2021-05-13 17:41:38,3,-82,59.918377302483414,10.760901151325166,85.08129582497335,24,WIFI
38:d5:47:1f:9d:b8,ASUS,[WPA2-PSK-CCMP][RSN-PSK-CCMP][ESS][WPS],2021-05-13 17:41:38,8,-83,59.918377302483414,10.760901151325166,85.08129582497335,24,WIFI
f4:17:b8:c0:20:2a,Air4930_Y4K3,[WPA2-PSK-CCMP][RSN-PSK-CCMP][ESS][WPS],2021-05-13 17:41:38,11,-83,59.918377302483414,10.760901151325166,85.08129582497335,24,WIFI
ec:be:dd:b4:c8:bc,Get-2G-B4C8B7,[WPA2-PSK-CCMP][RSN-PSK-CCMP][ESS][WPS],2021-05-13 17:41:38,11,-84,59.918377302483414,10.760901151325166,85.08129582497335,24,WIFI
fe:9f:c2:04:f2:c0,,[WPA2-PSK-CCMP][RSN-PSK-CCMP][ESS],2021-05-13 17:41:38,149,-85,59.918377302483414,10.760901151325166,85.08129582497335,24,WIFI
9e:da:c4:9c:9f:b3,,[WPA2-PSK-CCMP][RSN-PSK-CCMP][ESS],2021-05-13 17:41:38,48,-89,59.918377302483414,10.760901151325166,85.08129582497335,24,WIFI
d0:6e:de:91:ab:bc,Hackatory,[WPA2-PSK-CCMP][RSN-PSK-CCMP][ESS][WPS],2021-05-13 17:41:38,56,-91,59.918377302483414,10.760901151325166,85.08129582497335,24,WIFI
6c:b2:ae:13:8b:28,H5-mobil,[WPA2-PSK-CCMP][RSN-PSK-CCMP][ESS],2021-05-13 17:41:38,52,-92,59.918377302483414,10.760901151325166,85.08129582497335,24,WIFI
6c:b2:ae:13:8b:27,VAV-mobil,[WPA2-PSK-CCMP][RSN-PSK-CCMP][ESS],2021-05-13 17:41:38,52,-92,59.918377302483414,10.760901151325166,85.08129582497335,24,WIFI
5c:6a:80:12:0f:69,Telenor4843tur-5GHz,[WPA2-PSK-CCMP][RSN-PSK-CCMP][ESS],2021-05-13 17:41:38,104,-92,59.918377302483414,10.760901151325166,85.08129582497335,24,WIFI
78:f2:9e:c5:0f:30,Get-5G-7755b8,[WPA2-PSK-CCMP][RSN-PSK-CCMP][WPA-PSK-CCMP][ESS][WPS],2021-05-13 17:41:38,36,-93,59.918377302483414,10.760901151325166,85.08129582497335,24,WIFI
38:0e:4d:d6:e5:29,vav-info,[WPA2-PSK-CCMP][RSN-PSK-CCMP][ESS],2021-05-13 17:41:38,112,-93,59.918377302483414,10.760901151325166,85.08129582497335,24,WIFI
38:0e:4d:d6:e5:28,H5-mobil,[WPA2-PSK-CCMP][RSN-PSK-CCMP][ESS],2021-05-13 17:41:38,112,-93,59.918377302483414,10.760901151325166,85.08129582497335,24,WIFI
44:ad:b1:31:0c:1b,Nettet,[WPA2-PSK-CCMP][RSN-PSK-CCMP][ESS][WPS],2021-05-13 17:41:38,112,-93,59.918377302483414,10.760901151325166,85.08129582497335,24,WIFI
f4:17:b8:7f:f7:17,Air4930_3CV3,[WPA2-PSK-CCMP][RSN-PSK-CCMP][ESS][WPS],2021-05-13 17:41:38,100,-94,59.918377302483414,10.760901151325166,85.08129582497335,24,WIFI
f4:17:b8:c0:23:cb,sambici5,[WPA2-PSK-CCMP][RSN-PSK-CCMP][ESS][WPS],2021-05-13 17:41:38,52,-95,59.918377302483414,10.760901151325166,85.08129582497335,24,WIFI
24:4b:fe:31:fd:bc,saxaboom_5G,[WPA2-PSK-CCMP][RSN-PSK-CCMP][ESS][WPS],2021-05-13 17:41:38,52,-95,59.918377302483414,10.760901151325166,85.08129582497335,24,WIFI
f4:17:b8:c0:23:2b,Air4930_Y788,[WPA2-PSK-CCMP][RSN-PSK-CCMP][ESS][WPS],2021-05-13 17:41:38,60,-95,59.918377302483414,10.760901151325166,85.08129582497335,24,WIFI
50:1c:b0:b5:03:4e,oslo-guest,[ESS],2021-05-13 17:41:38,44,-96,59.918377302483414,10.760901151325166,85.08129582497335,24,WIFI
54:20:e0:8f:56:a9,,Uncategorized;10,2021-05-13 17:41:39,7936,-77,59.91837842849992,10.760900940395448,85.47210863655872,24,BLE
47:32:9c:00:75:01,,Uncategorized;10,2021-05-13 17:41:39,7936,-84,59.91837842849992,10.760900940395448,85.47210863655872,24,BLE
79:a2:33:20:ae:1e,,Misc,2021-05-13 17:41:41,7936,-88,59.91838423985522,10.760890846295695,85.57642964848107,24,BLE
7b:99:8d:79:01:b4,,Misc,2021-05-13 17:41:42,7936,-78,59.918389642735626,10.76090474554175,85.03834200423373,32,BLE
ec:81:93:69:93:d9, ,Misc,2021-05-13 17:41:42,7936,-88,59.918389642735626,10.76090474554175,85.03834200423373,32,BLE
62:24:67:79:b3:ab,,Misc,2021-05-13 17:41:42,0,-69,59.918389642735626,10.76090474554175,85.03834200423373,32,BLE
4c:87:5d:9e:45:be,LE-Bose NC 700 HP,Headphones,2021-05-13 17:41:42,1048,-86,59.918389642735626,10.76090474554175,85.03834200423373,32,BLE
14:bb:6e:09:79:ba,[TV] UE50J6275,Misc,2021-05-13 17:41:42,7936,-86,59.918389642735626,10.76090474554175,85.03834200423373,32,BLE
57:ce:35:23:40:ec,,Uncategorized;10,2021-05-13 17:41:42,7936,-75,59.918389642735626,10.76090474554175,85.03834200423373,32,BT
6f:25:b3:15:cf:9f,,Misc,2021-05-13 17:41:42,0,-82,59.918389642735626,10.76090474554175,85.03834200423373,32,BLE
44:0b:cc:5d:42:df,,Uncategorized;10,2021-05-13 17:41:42,7936,-84,59.918389642735626,10.76090474554175,85.03834200423373,32,BLE
63:3c:8c:d4:cc:d3,,Misc,2021-05-13 17:41:42,7936,-86,59.918389642735626,10.76090474554175,85.03834200423373,32,BLE
c8:69:cd:d9:07:27,,Uncategorized;10,2021-05-13 17:41:42,7936,-85,59.918389642735626,10.76090474554175,85.03834200423373,32,BLE
f2:9f:c2:03:f3:0d,SS_gjester,[WPA2-PSK-CCMP][RSN-PSK-CCMP][ESS],2021-05-13 17:41:42,11,-67,59.918389642735626,10.76090474554175,85.03834200423373,32,WIFI
e6:f0:42:d3:05:00,H0706-guest,[WPA2-PSK-CCMP][RSN-PSK-CCMP][ESS],2021-05-13 17:41:42,11,-74,59.918389642735626,10.76090474554175,85.03834200423373,32,WIFI
ec:be:dd:b4:c8:bc,Get-2G-B4C8B7,[WPA2-PSK-CCMP][RSN-PSK-CCMP][ESS][WPS],2021-05-13 17:41:42,11,-75,59.918389642735626,10.76090474554175,85.03834200423373,32,WIFI
98:da:c4:9c:81:26,Vekstika2,[WPA2-PSK-CCMP][RSN-PSK-CCMP][ESS][WPS],2021-05-13 17:41:42,3,-77,59.918389642735626,10.76090474554175,85.03834200423373,32,WIFI
f4:17:b8:c0:22:02,Air4930_RS34,[WPA2-PSK-CCMP][RSN-PSK-CCMP][ESS][WPS],2021-05-13 17:41:42,11,-77,59.918389642735626,10.76090474554175,85.03834200423373,32,WIFI
f6:9f:c2:03:f3:0d,,[WPA2-PSK-CCMP][RSN-PSK-CCMP][ESS],2021-05-13 17:41:42,11,-78,59.918389642735626,10.76090474554175,85.03834200423373,32,WIFI
34:21:09:76:2a:19,Bli itj fæst,[WPA2-PSK+FT/PSK-TKIP+CCMP][RSN-PSK+FT/PSK-TKIP+CCMP][ESS],2021-05-13 17:41:42,6,-80,59.918389642735626,10.76090474554175,85.03834200423373,32,WIFI
2a:56:fe:c8:81:ca,Gastrofix-POS-M,[WPA2-PSK-CCMP+TKIP][RSN-PSK-CCMP+TKIP][WPA-PSK-CCMP+TKIP][ESS],2021-05-13 17:41:42,11,-82,59.918389642735626,10.76090474554175,85.03834200423373,32,WIFI
a8:5e:45:62:0e:4c,ByggB=360.001-OU001,[WPA2-PSK-CCMP][RSN-PSK-CCMP][ESS],2021-05-13 17:41:42,6,-83,59.918389642735626,10.76090474554175,85.03834200423373,32,WIFI
d0:6e:de:91:ab:bc,Hackatory,[WPA2-PSK-CCMP][RSN-PSK-CCMP][ESS][WPS],2021-05-13 17:41:42,56,-86,59.918389642735626,10.76090474554175,85.03834200423373,32,WIFI
2a:56:ee:c8:81:ca,Gastrofix-POS-M,[WPA2-PSK-CCMP+TKIP][RSN-PSK-CCMP+TKIP][WPA-PSK-CCMP+TKIP][ESS],2021-05-13 17:41:42,108,-89,59.918389642735626,10.76090474554175,85.03834200423373,32,WIFI
16:56:ee:c8:81:ca,Lysstyring,[WPA2-PSK-CCMP][RSN-PSK-CCMP][ESS],2021-05-13 17:41:42,108,-89,59.918389642735626,10.76090474554175,85.03834200423373,32,WIFI
0a:56:ee:c8:81:ca,,[WPA2-EAP-CCMP][RSN-EAP-CCMP][ESS],2021-05-13 17:41:42,108,-90,59.918389642735626,10.76090474554175,85.03834200423373,32,WIFI
8c:c5:b4:db:f5:31,DeBill 5G,[WPA2-PSK-CCMP][RSN-PSK-CCMP][ESS][WPS],2021-05-13 17:41:42,60,-91,59.918389642735626,10.76090474554175,85.03834200423373,32,WIFI
98:1e:19:a1:e3:ad,Berbadinternet 5,[WPA2-PSK-CCMP][RSN-PSK-CCMP][ESS][WPS],2021-05-13 17:41:42,64,-93,59.918389642735626,10.76090474554175,85.03834200423373,32,WIFI
20:9a:7d:b2:b6:08,Get-B2B602,[WPA2-PSK-CCMP][RSN-PSK-CCMP][ESS][WPS],2021-05-13 17:41:42,100,-93,59.918389642735626,10.76090474554175,85.03834200423373,32,WIFI
38:0e:4d:d6:e5:25,VAV-Guest,[ESS],2021-05-13 17:41:42,112,-93,59.918389642735626,10.76090474554175,85.03834200423373,32,WIFI
a8:6a:bb:dd:76:4d,Get-DD7647,[WPA2-PSK-CCMP][RSN-PSK-CCMP][ESS][WPS],2021-05-13 17:41:42,112,-94,59.918389642735626,10.76090474554175,85.03834200423373,32,WIFI
64:e7:d8:60:eb:29,,Misc,2021-05-13 17:41:42,0,-82,59.918389642735626,10.76090474554175,85.03834200423373,32,BLE
1c:2d:46:9b:27:4c,,Uncategorized;10,2021-05-13 17:41:42,7936,-80,59.918389642735626,10.76090474554175,85.03834200423373,32,BLE
76:36:36:47:c2:91,,Misc,2021-05-13 17:41:42,0,-89,59.918389642735626,10.76090474554175,85.03834200423373,32,BLE
7c:d1:c3:26:45:9b,,Misc,2021-05-13 17:41:42,7936,-88,59.918389642735626,10.76090474554175,85.03834200423373,32,BLE
61:3f:0d:e7:b8:83,,Misc,2021-05-13 17:41:42,7936,-85,59.918389642735626,10.76090474554175,85.03834200423373,32,BLE
e9:91:fc:4f:93:fd,,Misc,2021-05-13 17:41:42,0,-83,59.918389642735626,10.76090474554175,85.03834200423373,32,BLE
40:62:76:ae:7e:4c,,Misc,2021-05-13 17:41:43,0,-86,59.918411132015414,10.760736346469072,84.88100926692738,8,BLE
79:a2:33:20:ae:1e,,Misc,2021-05-13 17:41:43,7936,-64,59.918411132015414,10.760736346469072,84.88100926692738,8,BLE
57:8f:df:99:5e:82,,Uncategorized;10,2021-05-13 17:41:43,7936,-88,59.918411132015414,10.760736346469072,84.88100926692738,8,BLE
e5:a6:e2:40:a0:d0,Stue 1,Misc,2021-05-13 17:41:44,7936,-82,59.91843325366116,10.760715123796679,69.22520932690733,12,BLE
57:ce:35:23:40:ec,,Uncategorized;10,2021-05-13 17:41:44,7936,-67,59.91843325366116,10.760715123796679,69.22520932690733,12,BT
f4:17:b8:c0:23:1a,Air4930_4RP7,[WPA2-PSK-CCMP][RSN-PSK-CCMP][ESS][WPS],2021-05-13 17:41:45,1,-62,59.91847929316491,10.760718738147066,84.71596749107174,12,WIFI
f4:17:b8:c6:fa:5e,Air4930_7HKC,[WPA2-PSK-CCMP][RSN-PSK-CCMP][ESS][WPS],2021-05-13 17:41:45,1,-65,59.91847929316491,10.760718738147066,84.71596749107174,12,WIFI
f6:9f:c2:03:f3:0d,,[WPA2-PSK-CCMP][RSN-PSK-CCMP][ESS],2021-05-13 17:41:45,11,-69,59.91847929316491,10.760718738147066,84.71596749107174,12,WIFI
f4:17:b8:c0:24:2a,Air4930_7ND8,[WPA2-PSK-CCMP][RSN-PSK-CCMP][ESS][WPS],2021-05-13 17:41:45,1,-70,59.91847929316491,10.760718738147066,84.71596749107174,12,WIFI
f4:17:b8:c0:1f:76,tjukken,[WPA2-PSK-CCMP][RSN-PSK-CCMP][ESS][WPS],2021-05-13 17:41:45,1,-72,59.91847929316491,10.760718738147066,84.71596749107174,12,WIFI
16:56:fe:c8:81:ca,,[WPA2-PSK-CCMP][RSN-PSK-CCMP][ESS],2021-05-13 17:41:45,11,-81,59.91847929316491,10.760718738147066,84.71596749107174,12,WIFI
f4:17:b8:c0:23:be,Air4930_83DF,[WPA2-PSK-CCMP][RSN-PSK-CCMP][ESS][WPS],2021-05-13 17:41:45,11,-82,59.91847929316491,10.760718738147066,84.71596749107174,12,WIFI
38:0e:4d:d6:e5:26,VAV-ansatt,[WPA2-EAP-CCMP][RSN-EAP-CCMP][ESS],2021-05-13 17:41:45,112,-92,59.91847929316491,10.760718738147066,84.71596749107174,12,WIFI
aa:8a:20:06:78:ea,,[WPA2-PSK-CCMP][RSN-PSK-CCMP][ESS],2021-05-13 17:41:45,40,-95,59.91847929316491,10.760718738147066,84.71596749107174,12,WIFI
6c:b2:ae:13:8b:29,vav-info,[WPA2-PSK-CCMP][RSN-PSK-CCMP][ESS],2021-05-13 17:41:45,52,-95,59.91847929316491,10.760718738147066,84.71596749107174,12,WIFI
f4:17:b8:c0:13:cf,Air4930_H347,[WPA2-PSK-CCMP][RSN-PSK-CCMP][ESS][WPS],2021-05-13 17:41:45,60,-95,59.91847929316491,10.760718738147066,84.71596749107174,12,WIFI
88:ac:c0:d8:4a:72,BMR-wifi,[WPA2-PSK-CCMP][RSN-PSK-CCMP][ESS][WPS],2021-05-13 17:41:45,64,-95,59.91847929316491,10.760718738147066,84.71596749107174,12,WIFI
fa:8f:ca:76:71:72,,[ESS],2021-05-13 17:41:45,56,-96,59.91847929316491,10.760718738147066,84.71596749107174,12,WIFI
04:f7:40:a7:69:3b,,Uncategorized;10,2021-05-13 17:41:45,7936,-80,59.91847929316491,10.760718738147066,84.71596749107174,12,BLE
4c:87:5d:9e:45:be,LE-Bose NC 700 HP,Headphones,2021-05-13 17:41:46,1048,-66,59.91849754885062,10.760706322762765,85.33909634136366,12,BLE
d0:03:df:e0:04:8d,,Misc,2021-05-13 17:41:46,0,-69,59.91849754885062,10.760706322762765,85.33909634136366,12,BLE
9e:da:c4:9c:9f:b2,,[WPA2-PSK-CCMP][RSN-PSK-CCMP][ESS],2021-05-13 17:41:47,3,-79,59.9185094033456,10.760694845498685,85.35201476807732,12,WIFI
f4:17:b8:c0:22:fe,Air4930_97KY,[WPA2-PSK-CCMP][RSN-PSK-CCMP][ESS][WPS],2021-05-13 17:41:47,11,-81,59.9185094033456,10.760694845498685,85.35201476807732,12,WIFI
98:1e:19:a2:56:38,Guru 5G,[WPA2-PSK-CCMP][RSN-PSK-CCMP][ESS][WPS],2021-05-13 17:41:47,136,-83,59.9185094033456,10.760694845498685,85.35201476807732,12,WIFI
d0:6e:de:90:87:0b,Get-5G-908706-2G,[WPA2-PSK-CCMP][RSN-PSK-CCMP][ESS][WPS],2021-05-13 17:41:47,11,-84,59.9185094033456,10.760694845498685,85.35201476807732,12,WIFI
f4:17:b8:c0:23:63,Air4930_LNV7,[WPA2-PSK-CCMP][RSN-PSK-CCMP][ESS][WPS],2021-05-13 17:41:47,60,-88,59.9185094033456,10.760694845498685,85.35201476807732,12,WIFI
3a:56:ee:c8:81:ca,Qsys,[WPA2-PSK-CCMP+TKIP][RSN-PSK-CCMP+TKIP][WPA-PSK-CCMP+TKIP][ESS],2021-05-13 17:41:47,108,-88,59.9185094033456,10.760694845498685,85.35201476807732,12,WIFI
36:56:ee:c8:81:ca,Sudost,[WPA2-PSK-CCMP+TKIP][RSN-PSK-CCMP+TKIP][WPA-PSK-CCMP+TKIP][ESS],2021-05-13 17:41:47,108,-89,59.9185094033456,10.760694845498685,85.35201476807732,12,WIFI
32:56:ee:c8:81:ca,Sudost Gjest,[WPA2-PSK-CCMP+TKIP][RSN-PSK-CCMP+TKIP][WPA-PSK-CCMP+TKIP][ESS],2021-05-13 17:41:47,108,-89,59.9185094033456,10.760694845498685,85.35201476807732,12,WIFI
2e:56:ee:c8:81:ca,Gastrofix-POS,[WPA2-PSK-CCMP+TKIP][RSN-PSK-CCMP+TKIP][WPA-PSK-CCMP+TKIP][ESS],2021-05-13 17:41:47,108,-89,59.9185094033456,10.760694845498685,85.35201476807732,12,WIFI
5c:f4:ab:48:40:0c,BMR-Guest,[WPA2-PSK-CCMP][RSN-PSK-CCMP][ESS],2021-05-13 17:41:47,8,-91,59.9185094033456,10.760694845498685,85.35201476807732,12,WIFI
50:1c:b0:b5:03:4f,ok-i,[WPA2-EAP-CCMP][RSN-EAP-CCMP][ESS],2021-05-13 17:41:47,44,-93,59.9185094033456,10.760694845498685,85.35201476807732,12,WIFI
38:18:4c:96:2e:fe,LE_WH-1000XM3,Misc,2021-05-13 17:41:47,0,-84,59.9185094033456,10.760694845498685,85.35201476807732,12,BLE
e7:e9:3b:f8:fd:b5,,Misc,2021-05-13 17:41:47,0,-82,59.9185094033456,10.760694845498685,85.35201476807732,12,BLE
63:3c:8c:d4:cc:d3,,Misc,2021-05-13 17:41:48,7936,-81,59.918517688732784,10.760681384518202,85.4195826270836,8,BLE
57:ce:35:23:40:ec,,Uncategorized;10,2021-05-13 17:41:48,7936,-58,59.918517688732784,10.760681384518202,85.4195826270836,8,BT
3e:63:e2:53:40:f4,,Misc,2021-05-13 17:41:48,7936,-88,59.918517688732784,10.760681384518202,85.4195826270836,8,BLE
12:c5:9c:46:11:d2,,Uncategorized;10,2021-05-13 17:41:49,7936,-85,59.9185219448833,10.760678735032277,85.29019904971591,8,BT
64:d2:c4:b1:4f:2c,,Uncategorized;10,2021-05-13 17:41:50,7936,-84,59.918521871497234,10.760667934869309,84.91964968960274,8,BT
53:27:ba:ec:70:78,,Uncategorized;10,2021-05-13 17:41:50,7936,-86,59.918521871497234,10.760667934869309,84.91964968960274,8,BT
60:7e:c9:2f:30:02,Camilla sin iPhone,Smartphone;12,2021-05-13 17:41:50,524,-63,59.918521871497234,10.760667934869309,84.91964968960274,8,BLE
02:0e:a0:06:92:85,WDC10_069286,[WPA2-PSK-CCMP][RSN-PSK-CCMP][ESS],2021-05-13 17:41:51,44,-94,59.9185232343736,10.760657713178794,84.82084319269747,8,WIFI
00:0e:a0:06:92:85,WHE_AP_5G_069286,[WPA2-PSK-CCMP][RSN-PSK-CCMP][ESS],2021-05-13 17:41:51,44,-94,59.9185232343736,10.760657713178794,84.82084319269747,8,WIFI
ec:be:dd:b6:21:0d,PearlJam5GHz,[WPA2-PSK-CCMP][RSN-PSK-CCMP][ESS][WPS],2021-05-13 17:41:51,136,-94,59.9185232343736,10.760657713178794,84.82084319269747,8,WIFI
98:da:c4:9c:9c:f7,Vekstika2,[WPA2-PSK-CCMP][RSN-PSK-CCMP][ESS][WPS],2021-05-13 17:41:51,48,-96,59.9185232343736,10.760657713178794,84.82084319269747,8,WIFI
5b:77:cc:54:ab:e6,,Uncategorized;10,2021-05-13 17:41:51,7936,-63,59.9185232343736,10.760657713178794,84.82084319269747,8,BLE
40:62:76:ae:7e:4c,,Misc,2021-05-13 17:41:51,0,-78,59.9185232343736,10.760657713178794,84.82084319269747,8,BLE
04:b8:22:08:6c:15,,Uncategorized;10,2021-05-13 17:41:51,7936,-91,59.9185232343736,10.760657713178794,84.82084319269747,8,BLE
4c:87:5d:9e:45:be,LE-Bose NC 700 HP,Headphones,2021-05-13 17:41:51,1048,-44,59.9185232343736,10.760657713178794,84.82084319269747,8,BLE
8c:79:f5:bf:74:c9,,Misc,2021-05-13 17:41:51,0,-87,59.9185232343736,10.760657713178794,84.82084319269747,8,BLE
5a:37:fc:7f:fc:ca,,Misc,2021-05-13 17:41:51,0,-89,59.9185232343736,10.760657713178794,84.82084319269747,8,BLE
48:f2:a2:46:8f:31,,Uncategorized;10,2021-05-13 17:41:53,7936,-87,59.918525199479184,10.76065706789868,83.71719478032331,8,BT
45:40:3a:c6:b0:7f,,Uncategorized;10,2021-05-13 17:41:53,7936,-85,59.918525199479184,10.76065706789868,83.71719478032331,8,BT
23:39:ed:d1:54:f7,,Uncategorized;10,2021-05-13 17:41:53,7936,-86,59.918525199479184,10.76065706789868,83.71719478032331,8,BT
6f:9b:94:db:0a:1f,,Uncategorized;10,2021-05-13 17:41:53,7936,-86,59.918525199479184,10.76065706789868,83.71719478032331,8,BT
9e:da:c4:9c:81:26,,[WPA2-PSK-CCMP][RSN-PSK-CCMP][ESS],2021-05-13 17:41:53,3,-79,59.918525199479184,10.76065706789868,83.71719478032331,8,WIFI
f4:17:b8:c0:13:cf,Air4930_H347,[WPA2-PSK-CCMP][RSN-PSK-CCMP][ESS][WPS],2021-05-13 17:41:53,60,-90,59.918525199479184,10.76065706789868,83.71719478032331,8,WIFI
38:d5:47:da:24:5c,Inter_niet_5G,[WPA2-PSK-CCMP][RSN-PSK-CCMP][ESS],2021-05-13 17:41:53,40,-94,59.918525199479184,10.76065706789868,83.71719478032331,8,WIFI
ca:30:ae:80:71:87,Scooter,Uncategorized;10,2021-05-13 17:41:55,7936,-86,59.91852974671654,10.760660115457386,84.19965570071963,8,BLE
50:fe:30:c1:c2:67,,Misc,2021-05-13 17:41:55,0,-74,59.91852974671654,10.760660115457386,84.19965570071963,8,BLE
ec:81:93:69:93:d9, ,Misc,2021-05-13 17:41:55,7936,-69,59.91852974671654,10.760660115457386,84.19965570071963,8,BLE
5a:b7:09:03:bc:6d,,Misc,2021-05-13 17:41:55,0,-84,59.91852974671654,10.760660115457386,84.19965570071963,8,BLE
9c:8c:6e:4c:82:03,[TV] Samsung 6 Series (49),Uncategorized;10,2021-05-13 17:41:56,7936,-90,59.91852900632232,10.760653680555494,84.40802595221065,6,BT
f4:17:b8:c0:1f:82,Air4930_VSKN,[WPA2-PSK-CCMP][RSN-PSK-CCMP][ESS][WPS],2021-05-13 17:41:57,11,-70,59.91852985756219,10.760652755808282,84.28199608492635,6,WIFI
3e:63:e2:53:40:f4,,Misc,2021-05-13 17:41:58,7936,-82,59.91852807283084,10.760656171164365,84.33413805283982,6,BLE
00:c3:f4:76:ad:2f,,Misc,2021-05-13 17:41:58,0,-88,59.91852807283084,10.760656171164365,84.33413805283982,6,BLE
f4:17:b8:9d:d8:08,AirTies_VF4E,[WPA2-PSK-CCMP][RSN-PSK-CCMP][ESS][WPS],2021-05-13 17:41:59,11,-81,59.91852715846978,10.760659976018426,84.35191365500745,6,WIFI
1c:74:0d:31:40:7c,Satan i gatan,[WPA2-PSK-CCMP][RSN-PSK-CCMP][ESS],2021-05-13 17:41:59,8,-83,59.91852715846978,10.760659976018426,84.35191365500745,6,WIFI
ec:be:dd:b3:7a:1a,,[WPA2-PSK-CCMP][RSN-PSK-CCMP][ESS][WPS],2021-05-13 17:41:59,11,-88,59.91852715846978,10.760659976018426,84.35191365500745,6,WIFI
98:1e:19:a1:e3:ad,Berbadinternet 5,[WPA2-PSK-CCMP][RSN-PSK-CCMP][ESS][WPS],2021-05-13 17:41:59,64,-88,59.91852715846978,10.760659976018426,84.35191365500745,6,WIFI
ec:be:dd:b5:c1:3d,Get-B5C137,[WPA2-PSK-CCMP][RSN-PSK-CCMP][ESS][WPS],2021-05-13 17:41:59,56,-93,59.91852715846978,10.760659976018426,84.35191365500745,6,WIFI
62:ac:c0:d8:4a:77,,[WPA2-PSK-CCMP][RSN-PSK-CCMP][ESS],2021-05-13 17:41:59,64,-95,59.91852715846978,10.760659976018426,84.35191365500745,6,WIFI
d0:6e:de:94:02:e4,Hvaheternettethera? 5 GHz,[WPA2-PSK-CCMP][RSN-PSK-CCMP][ESS][WPS],2021-05-13 17:41:59,56,-96,59.91852715846978,10.760659976018426,84.35191365500745,6,WIFI
f6:9f:c2:03:f3:0d,,[WPA2-PSK-CCMP][RSN-PSK-CCMP][ESS],2021-05-13 17:42:02,11,-60,59.91851946356581,10.760674766683042,84.57922228366603,6,WIFI
f0:9f:c2:03:f3:0d,SS_ansatt,[WPA2-PSK-CCMP][RSN-PSK-CCMP][ESS][WPS],2021-05-13 17:42:02,11,-65,59.91851946356581,10.760674766683042,84.57922228366603,6,WIFI
ec:be:dd:b4:cf:62,Get-B4CF5C,[WPA2-PSK-CCMP][RSN-PSK-CCMP][ESS][WPS],2021-05-13 17:42:02,108,-72,59.91851946356581,10.760674766683042,84.57922228366603,6,WIFI
6e:3a:0e:83:ac:5d,GWS Gjest,[WPA2-PSK-CCMP][RSN-PSK-CCMP][ESS],2021-05-13 17:42:02,136,-76,59.91851946356581,10.760674766683042,84.57922228366603,6,WIFI
6a:3a:0e:83:ac:5d,GWS,[WPA2-PSK-CCMP][RSN-PSK-CCMP][ESS],2021-05-13 17:42:02,136,-78,59.91851946356581,10.760674766683042,84.57922228366603,6,WIFI
56:3a:0e:83:ac:5d,,[WPA2-EAP-CCMP][RSN-EAP-CCMP][ESS],2021-05-13 17:42:02,136,-78,59.91851946356581,10.760674766683042,84.57922228366603,6,WIFI
44:ad:b1:31:4a:ea,Agnes&KA5G,[WPA2-PSK-CCMP][RSN-PSK-CCMP][ESS][WPS],2021-05-13 17:42:02,136,-82,59.91851946356581,10.760674766683042,84.57922228366603,6,WIFI
f4:17:b8:c1:f7:bb,AirTies_VF4E,[WPA2-PSK-CCMP][RSN-PSK-CCMP][ESS][WPS],2021-05-13 17:42:02,104,-83,59.91851946356581,10.760674766683042,84.57922228366603,6,WIFI
88:d7:f6:45:a9:cc,Uglepose5,[WPA2-PSK-CCMP][RSN-PSK-CCMP][ESS][WPS],2021-05-13 17:42:02,108,-83,59.91851946356581,10.760674766683042,84.57922228366603,6,WIFI
ec:be:dd:b6:21:0d,PearlJam5GHz,[WPA2-PSK-CCMP][RSN-PSK-CCMP][ESS][WPS],2021-05-13 17:42:02,136,-84,59.91851946356581,10.760674766683042,84.57922228366603,6,WIFI
ec:be:dd:b5:b6:a8,Get-B5B6A2,[WPA2-PSK-CCMP][RSN-PSK-CCMP][ESS][WPS],2021-05-13 17:42:02,100,-88,59.91851946356581,10.760674766683042,84.57922228366603,6,WIFI
f4:17:b8:9d:d8:09,AirTies_VF4E,[WPA2-PSK-CCMP][RSN-PSK-CCMP][ESS][WPS],2021-05-13 17:42:02,104,-88,59.91851946356581,10.760674766683042,84.57922228366603,6,WIFI
30:93:bc:c6:c5:66,Get-C6C560,[WPA2-PSK-CCMP][RSN-PSK-CCMP][ESS][WPS],2021-05-13 17:42:02,108,-88,59.91851946356581,10.760674766683042,84.57922228366603,6,WIFI
6c:b2:ae:13:8b:25,VAV-Guest,[ESS],2021-05-13 17:42:02,52,-92,59.91851946356581,10.760674766683042,84.57922228366603,6,WIFI
b0:26:80:9b:ed:5f,POnline,[WPA-PSK-TKIP][ESS],2021-05-13 17:42:02,116,-93,59.91851946356581,10.760674766683042,84.57922228366603,6,WIFI
44:ad:b1:31:09:74,Get-31096E,[WPA2-PSK-CCMP][RSN-PSK-CCMP][ESS][WPS],2021-05-13 17:42:02,64,-94,59.91851946356581,10.760674766683042,84.57922228366603,6,WIFI
44:ad:b1:31:4a:e9,Agnes&KA,[WPA2-PSK-CCMP][RSN-PSK-CCMP][ESS][WPS],2021-05-13 17:42:06,1,-73,59.91851763541889,10.760666025206204,83.9136056578002,6,WIFI
56:3a:1e:83:d3:71,,[WPA2-EAP-CCMP][RSN-EAP-CCMP][ESS],2021-05-13 17:42:06,1,-79,59.91851763541889,10.760666025206204,83.9136056578002,6,WIFI
6e:3a:1e:83:d3:71,GWS Gjest,[WPA2-PSK-CCMP][RSN-PSK-CCMP][ESS],2021-05-13 17:42:06,1,-79,59.91851763541889,10.760666025206204,83.9136056578002,6,WIFI
6a:3a:0e:83:d3:71,GWS,[WPA2-PSK-CCMP][RSN-PSK-CCMP][ESS],2021-05-13 17:42:06,44,-84,59.91851763541889,10.760666025206204,83.9136056578002,6,WIFI
6e:3a:0e:83:d3:71,GWS Gjest,[WPA2-PSK-CCMP][RSN-PSK-CCMP][ESS],2021-05-13 17:42:06,44,-84,59.91851763541889,10.760666025206204,83.9136056578002,6,WIFI
56:3a:0e:83:d3:71,,[WPA2-EAP-CCMP][RSN-EAP-CCMP][ESS],2021-05-13 17:42:06,44,-84,59.91851763541889,10.760666025206204,83.9136056578002,6,WIFI
70:8b:cd:89:34:c8,Inter Niet,[WPA2-PSK-CCMP][RSN-PSK-CCMP][ESS][WPS],2021-05-13 17:42:06,1,-84,59.91851763541889,10.760666025206204,83.9136056578002,6,WIFI
88:d7:f6:45:a9:c8,Uglepose2,[WPA2-PSK-CCMP][RSN-PSK-CCMP][ESS][WPS],2021-05-13 17:42:06,4,-84,59.91851763541889,10.760666025206204,83.9136056578002,6,WIFI
98:1e:19:a3:14:11,Get-A3140B,[WPA2-PSK-CCMP][RSN-PSK-CCMP][ESS][WPS],2021-05-13 17:42:06,36,-94,59.91851763541889,10.760666025206204,83.9136056578002,6,WIFI
98:da:c4:9c:81:27,Vekstika2,[WPA2-PSK-CCMP][RSN-PSK-CCMP][ESS][WPS],2021-05-13 17:42:06,48,-95,59.91851763541889,10.760666025206204,83.9136056578002,6,WIFI
ec:be:dd:b4:c8:bd,Get-B4C8B7,[WPA2-PSK-CCMP][RSN-PSK-CCMP][ESS][WPS],2021-05-13 17:42:09,108,-67,59.91851763541889,10.760666025206204,82.57257304702827,6,WIFI
44:ad:b1:31:4a:ea,Agnes&KA5G,[WPA2-PSK-CCMP][RSN-PSK-CCMP][ESS][WPS],2021-05-13 17:42:09,136,-76,59.91851763541889,10.760666025206204,82.57257304702827,6,WIFI
98:1e:19:a3:e7:6f,Get-A3E769,[WPA2-PSK-CCMP][RSN-PSK-CCMP][ESS][WPS],2021-05-13 17:42:09,100,-79,59.91851763541889,10.760666025206204,82.57257304702827,6,WIFI
f4:17:b8:9d:d8:09,AirTies_VF4E,[WPA2-PSK-CCMP][RSN-PSK-CCMP][ESS][WPS],2021-05-13 17:42:09,104,-83,59.91851763541889,10.760666025206204,82.57257304702827,6,WIFI
2a:56:ee:c8:81:ca,Gastrofix-POS-M,[WPA2-PSK-CCMP+TKIP][RSN-PSK-CCMP+TKIP][WPA-PSK-CCMP+TKIP][ESS],2021-05-13 17:42:09,108,-83,59.91851763541889,10.760666025206204,82.57257304702827,6,WIFI
32:56:ee:c8:81:ca,Sudost Gjest,[WPA2-PSK-CCMP+TKIP][RSN-PSK-CCMP+TKIP][WPA-PSK-CCMP+TKIP][ESS],2021-05-13 17:42:09,108,-83,59.91851763541889,10.760666025206204,82.57257304702827,6,WIFI
d0:6e:de:90:87:0c,Get-5G-908706,[WPA2-PSK-CCMP][RSN-PSK-CCMP][ESS][WPS],2021-05-13 17:42:09,56,-84,59.91851763541889,10.760666025206204,82.57257304702827,6,WIFI
2e:56:ee:c8:81:ca,Gastrofix-POS,[WPA2-PSK-CCMP+TKIP][RSN-PSK-CCMP+TKIP][WPA-PSK-CCMP+TKIP][ESS],2021-05-13 17:42:09,108,-84,59.91851763541889,10.760666025206204,82.57257304702827,6,WIFI
ec:be:dd:b3:7a:1b,,[WPA2-PSK-CCMP][RSN-PSK-CCMP][ESS][WPS],2021-05-13 17:42:09,56,-86,59.91851763541889,10.760666025206204,82.57257304702827,6,WIFI
98:1e:19:a4:b3:2c,Ida 5GHz,[WPA2-PSK-CCMP][RSN-PSK-CCMP][ESS][WPS],2021-05-13 17:42:09,104,-87,59.91851763541889,10.760666025206204,82.57257304702827,6,WIFI
44:ad:b1:31:0c:1b,Nettet,[WPA2-PSK-CCMP][RSN-PSK-CCMP][ESS][WPS],2021-05-13 17:42:09,112,-88,59.91851763541889,10.760666025206204,82.57257304702827,6,WIFI
98:da:c4:9c:9c:f7,Vekstika2,[WPA2-PSK-CCMP][RSN-PSK-CCMP][ESS][WPS],2021-05-13 17:42:09,48,-89,59.91851763541889,10.760666025206204,82.57257304702827,6,WIFI
d4:6e:0e:65:a0:5b,TP-LINK_A05B,[WPA2-PSK-CCMP+TKIP][RSN-PSK-CCMP+TKIP][WPA-PSK-CCMP+TKIP][ESS][WPS],2021-05-13 17:42:09,6,-89,59.91851763541889,10.760666025206204,82.57257304702827,6,WIFI
d0:6e:de:94:02:e4,Hvaheternettethera? 5 GHz,[WPA2-PSK-CCMP][RSN-PSK-CCMP][ESS][WPS],2021-05-13 17:42:09,56,-91,59.91851763541889,10.760666025206204,82.57257304702827,6,WIFI
98:1e:19:a1:54:49,Get-A15443,[WPA2-PSK-CCMP][RSN-PSK-CCMP][ESS][WPS],2021-05-13 17:42:09,52,-92,59.91851763541889,10.760666025206204,82.57257304702827,6,WIFI
98:1e:19:a4:0d:e8,Get-A40DE2,[WPA2-PSK-CCMP][RSN-PSK-CCMP][ESS][WPS],2021-05-13 17:42:09,136,-93,59.91851763541889,10.760666025206204,82.57257304702827,6,WIFI
9e:da:c4:9c:9c:f7,,[WPA2-PSK-CCMP][RSN-PSK-CCMP][ESS],2021-05-13 17:42:09,48,-94,59.91851763541889,10.760666025206204,82.57257304702827,6,WIFI
2c:53:5a:5c:46:ca,,Misc,2021-05-13 17:42:10,0,-47,59.91851763541889,10.760666025206204,82.50964646521716,6,BLE
41:9c:9e:ba:49:09,,Misc,2021-05-13 17:42:10,0,-92,59.91851763541889,10.760666025206204,82.50964646521716,6,BLE
b9:ac:4c:af:ec:06,BAC261898,Misc,2021-05-13 17:42:10,0,-80,59.91851763541889,10.760666025206204,82.50964646521716,6,BLE
42:6e:b8:e3:6e:5a,,Misc,2021-05-13 17:42:10,0,-84,59.91851763541889,10.760666025206204,82.50964646521716,6,BLE
7c:e1:9f:dd:b2:95,,Misc,2021-05-13 17:42:10,0,-69,59.91851763541889,10.760666025206204,82.50964646521716,6,BLE
00:c3:f4:76:ad:2f,,Misc,2021-05-13 17:42:10,0,-83,59.91851763541889,10.760666025206204,82.50964646521716,6,BLE
04:b8:22:08:6c:15,,Uncategorized;10,2021-05-13 17:42:10,7936,-80,59.91851763541889,10.760666025206204,82.50964646521716,6,BLE
00:12:5f:11:2e:1a,WiPG-1000,[ESS],2021-05-13 17:42:12,9,-69,59.91851763541889,10.760666025206204,81.6645195969649,6,WIFI
be:30:7e:e1:b2:2e,DIRECT-zV-MPC4504_c251,[WPA2-PSK-CCMP][RSN-PSK-CCMP][ESS][WPS],2021-05-13 17:42:12,6,-72,59.91851763541889,10.760666025206204,81.6645195969649,6,WIFI
f4:17:b8:c0:23:72,Air4930_SY74,[WPA2-PSK-CCMP][RSN-PSK-CCMP][ESS][WPS],2021-05-13 17:42:12,11,-73,59.91851763541889,10.760666025206204,81.6645195969649,6,WIFI
f4:17:b8:c1:f7:ba,AirTies_VF4E,[WPA2-PSK-CCMP][RSN-PSK-CCMP][ESS][WPS],2021-05-13 17:42:12,6,-74,59.91851763541889,10.760666025206204,81.6645195969649,6,WIFI
16:56:ee:c8:81:ca,Lysstyring,[WPA2-PSK-CCMP][RSN-PSK-CCMP][ESS],2021-05-13 17:42:12,108,-84,59.91851763541889,10.760666025206204,81.6645195969649,6,WIFI
36:56:ee:c8:81:ca,Sudost,[WPA2-PSK-CCMP+TKIP][RSN-PSK-CCMP+TKIP][WPA-PSK-CCMP+TKIP][ESS],2021-05-13 17:42:12,108,-84,59.91851763541889,10.760666025206204,81.6645195969649,6,WIFI
67:b0:7a:33:55:92,,Misc,2021-05-13 17:42:12,0,-87,59.91851763541889,10.760666025206204,81.6645195969649,6,BLE
18:ee:69:27:94:7f,,Uncategorized;10,2021-05-13 17:42:12,7936,-81,59.91851763541889,10.760666025206204,81.6645195969649,6,BLE
7b:99:8d:79:01:b4,,Misc,2021-05-13 17:42:12,7936,-70,59.91851763541889,10.760666025206204,81.6645195969649,6,BLE
61:3f:0d:e7:b8:83,,Misc,2021-05-13 17:42:12,7936,-73,59.91851763541889,10.760666025206204,81.6645195969649,6,BLE
45:40:3a:c6:b0:7f,,Uncategorized;10,2021-05-13 17:42:12,7936,-72,59.91851763541889,10.760666025206204,81.6645195969649,6,BT
64:d2:c4:b1:4f:2c,,Uncategorized;10,2021-05-13 17:42:13,7936,-67,59.91846623575083,10.760605163643543,81.02558967513843,6,BT
a0:ed:cd:dc:d3:40,,Misc,2021-05-13 17:42:13,0,-88,59.91846623575083,10.760605163643543,81.02558967513843,6,BLE
5a:4d:a8:f8:9b:ac,,Misc,2021-05-13 17:42:13,0,-79,59.91846623575083,10.760605163643543,81.02558967513843,6,BLE
ec:be:dd:b4:c8:bc,Get-2G-B4C8B7,[WPA2-PSK-CCMP][RSN-PSK-CCMP][ESS][WPS],2021-05-13 17:42:15,11,-70,59.918445955920944,10.760597148985102,79.9502808659726,4,WIFI
fa:8f:ca:86:c2:21,DamiTv.v,[ESS],2021-05-13 17:42:15,6,-73,59.918445955920944,10.760597148985102,79.9502808659726,4,WIFI
88:d7:f6:45:a9:cc,Uglepose5,[WPA2-PSK-CCMP][RSN-PSK-CCMP][ESS][WPS],2021-05-13 17:42:15,108,-78,59.918445955920944,10.760597148985102,79.9502808659726,4,WIFI
3a:56:ee:c8:81:ca,Qsys,[WPA2-PSK-CCMP+TKIP][RSN-PSK-CCMP+TKIP][WPA-PSK-CCMP+TKIP][ESS],2021-05-13 17:42:15,108,-82,59.918445955920944,10.760597148985102,79.9502808659726,4,WIFI
9e:da:c4:9c:9c:f7,,[WPA2-PSK-CCMP][RSN-PSK-CCMP][ESS],2021-05-13 17:42:15,48,-88,59.918445955920944,10.760597148985102,79.9502808659726,4,WIFI
00:e1:6d:55:47:3f,CN-LAN,[WPA2-EAP-CCMP][RSN-EAP-CCMP][ESS],2021-05-13 17:42:15,44,-91,59.918445955920944,10.760597148985102,79.9502808659726,4,WIFI
00:e1:6d:55:47:3d,Coop-Guest,[ESS],2021-05-13 17:42:15,44,-91,59.918445955920944,10.760597148985102,79.9502808659726,4,WIFI
00:e1:6d:55:47:3e,coop-phone,[WPA2-PSK-CCMP][RSN-PSK-CCMP][ESS],2021-05-13 17:42:15,44,-93,59.918445955920944,10.760597148985102,79.9502808659726,4,WIFI
9e:da:c4:9c:81:27,,[WPA2-PSK-CCMP][RSN-PSK-CCMP][ESS],2021-05-13 17:42:15,48,-93,59.918445955920944,10.760597148985102,79.9502808659726,4,WIFI
2a:56:ee:c8:81:ca,Gastrofix-POS-M,[WPA2-PSK-CCMP+TKIP][RSN-PSK-CCMP+TKIP][WPA-PSK-CCMP+TKIP][ESS],2021-05-13 17:42:18,108,-77,59.91842878101512,10.760590075965046,78.81551726972457,4,WIFI
16:56:ee:c8:81:ca,Lysstyring,[WPA2-PSK-CCMP][RSN-PSK-CCMP][ESS],2021-05-13 17:42:18,108,-77,59.91842878101512,10.760590075965046,78.81551726972457,4,WIFI
3a:56:ee:c8:81:ca,Qsys,[WPA2-PSK-CCMP+TKIP][RSN-PSK-CCMP+TKIP][WPA-PSK-CCMP+TKIP][ESS],2021-05-13 17:42:18,108,-77,59.91842878101512,10.760590075965046,78.81551726972457,4,WIFI
2e:56:ee:c8:81:ca,Gastrofix-POS,[WPA2-PSK-CCMP+TKIP][RSN-PSK-CCMP+TKIP][WPA-PSK-CCMP+TKIP][ESS],2021-05-13 17:42:18,108,-77,59.91842878101512,10.760590075965046,78.81551726972457,4,WIFI
36:56:ee:c8:81:ca,Sudost,[WPA2-PSK-CCMP+TKIP][RSN-PSK-CCMP+TKIP][WPA-PSK-CCMP+TKIP][ESS],2021-05-13 17:42:18,108,-78,59.91842878101512,10.760590075965046,78.81551726972457,4,WIFI
32:56:ee:c8:81:ca,Sudost Gjest,[WPA2-PSK-CCMP+TKIP][RSN-PSK-CCMP+TKIP][WPA-PSK-CCMP+TKIP][ESS],2021-05-13 17:42:18,108,-78,59.91842878101512,10.760590075965046,78.81551726972457,4,WIFI
0a:56:ee:c8:81:ca,,[WPA2-EAP-CCMP][RSN-EAP-CCMP][ESS],2021-05-13 17:42:18,108,-78,59.91842878101512,10.760590075965046,78.81551726972457,4,WIFI
20:9a:7d:b2:b6:08,Get-B2B602,[WPA2-PSK-CCMP][RSN-PSK-CCMP][ESS][WPS],2021-05-13 17:42:18,100,-85,59.91842878101512,10.760590075965046,78.81551726972457,4,WIFI
38:d5:47:1f:9d:b8,ASUS,[WPA2-PSK-CCMP][RSN-PSK-CCMP][ESS][WPS],2021-05-13 17:42:21,8,-75,59.91842768285638,10.760589264480895,78.36558803283984,4,WIFI
00:e1:6d:55:47:3c,LAN,[WPA2-PSK-CCMP][RSN-PSK-CCMP][ESS],2021-05-13 17:42:21,44,-92,59.91842768285638,10.760589264480895,78.36558803283984,4,WIFI
f4:17:b8:c0:21:f3,Air4930_8774,[WPA2-PSK-CCMP][RSN-PSK-CCMP][ESS][WPS],2021-05-13 17:42:24,112,-89,59.91842793966027,10.760588879378748,78.23412630708287,6,WIFI
50:1c:b0:b5:03:4e,oslo-guest,[ESS],2021-05-13 17:42:24,44,-89,59.91842793966027,10.760588879378748,78.23412630708287,6,WIFI
9e:da:c4:9c:9c:f6,,[WPA2-PSK-CCMP][RSN-PSK-CCMP][ESS],2021-05-13 17:42:27,3,-81,59.91842618089223,10.760590471126473,77.98290948938082,6,WIFI
98:da:c4:9c:9c:f6,Vekstika2,[WPA2-PSK-CCMP][RSN-PSK-CCMP][ESS][WPS],2021-05-13 17:42:27,3,-81,59.91842618089223,10.760590471126473,77.98290948938082,6,WIFI
9c:8c:6e:4c:82:03,[TV] Samsung 6 Series (49),Uncategorized;10,2021-05-13 17:42:28,7936,-68,59.91842603570046,10.760591906379307,77.86315708918518,6,BT
4c:87:5d:9e:45:be,LE-Bose NC 700 HP,Headphones,2021-05-13 17:42:28,1048,-15,59.91842603570046,10.760591906379307,77.86315708918518,6,BLE
56:21:66:98:c0:55,,Misc,2021-05-13 17:42:28,0,-66,59.91842603570046,10.760591906379307,77.86315708918518,6,BLE
1b:ac:97:0f:33:8e,,Misc,2021-05-13 17:42:28,0,-88,59.91842603570046,10.760591906379307,77.86315708918518,6,BLE
6f:25:b3:15:cf:9f,,Misc,2021-05-13 17:42:28,0,-55,59.91842603570046,10.760591906379307,77.86315708918518,6,BLE
7c:d1:c3:26:45:9b,,Misc,2021-05-13 17:42:28,7936,-80,59.91842603570046,10.760591906379307,77.86315708918518,6,BLE
35:49:39:25:66:6a,,Misc,2021-05-13 17:42:28,0,-65,59.91842603570046,10.760591906379307,77.86315708918518,6,BLE
68:64:4b:48:8b:91,,Uncategorized;10,2021-05-13 17:42:28,7936,-49,59.91842603570046,10.760591906379307,77.86315708918518,6,BLE
47:32:9c:00:75:01,,Uncategorized;10,2021-05-13 17:42:28,7936,-65,59.91842603570046,10.760591906379307,77.86315708918518,6,BLE
98:da:c4:9c:9c:f7,Vekstika2,[WPA2-PSK-CCMP][RSN-PSK-CCMP][ESS][WPS],2021-05-13 17:42:30,48,-84,59.91842434687272,10.760592233564184,77.53945258091285,6,WIFI
00:e1:6d:55:47:3f,CN-LAN,[WPA2-EAP-CCMP][RSN-EAP-CCMP][ESS],2021-05-13 17:42:30,44,-86,59.91842434687272,10.760592233564184,77.53945258091285,6,WIFI
00:e1:6d:55:47:3e,coop-phone,[WPA2-PSK-CCMP][RSN-PSK-CCMP][ESS],2021-05-13 17:42:30,44,-86,59.91842434687272,10.760592233564184,77.53945258091285,6,WIFI
00:e1:6d:55:47:3c,LAN,[WPA2-PSK-CCMP][RSN-PSK-CCMP][ESS],2021-05-13 17:42:30,44,-86,59.91842434687272,10.760592233564184,77.53945258091285,6,WIFI
32:56:fe:c8:81:ca,,[WPA2-PSK-CCMP+TKIP][RSN-PSK-CCMP+TKIP][WPA-PSK-CCMP+TKIP][ESS],2021-05-13 17:42:33,11,-72,59.91842411110516,10.76059404392946,77.76518384128843,6,WIFI
2a:56:fe:c8:81:ca,Gastrofix-POS-M,[WPA2-PSK-CCMP+TKIP][RSN-PSK-CCMP+TKIP][WPA-PSK-CCMP+TKIP][ESS],2021-05-13 17:42:33,11,-72,59.91842411110516,10.76059404392946,77.76518384128843,6,WIFI
00:e1:6d:55:47:30,CN-LAN,[WPA2-EAP-CCMP][RSN-EAP-CCMP][ESS],2021-05-13 17:42:33,1,-79,59.91842411110516,10.76059404392946,77.76518384128843,6,WIFI
00:e1:6d:55:47:32,Coop-Guest,[ESS],2021-05-13 17:42:33,1,-81,59.91842411110516,10.76059404392946,77.76518384128843,6,WIFI
7a:8a:20:06:78:ea,Hyper Games,[WPA2-PSK-CCMP][RSN-PSK-CCMP][ESS],2021-05-13 17:42:36,40,-89,59.91842340339196,10.760594893357199,77.86928160438121,6,WIFI
32:56:ee:c8:84:9f,Sudost Gjest,[WPA2-PSK-CCMP+TKIP][RSN-PSK-CCMP+TKIP][WPA-PSK-CCMP+TKIP][ESS],2021-05-13 17:42:36,108,-93,59.91842340339196,10.760594893357199,77.86928160438121,6,WIFI
0a:56:ee:c8:84:9f,,[WPA2-EAP-CCMP][RSN-EAP-CCMP][ESS],2021-05-13 17:42:36,108,-93,59.91842340339196,10.760594893357199,77.86928160438121,6,WIFI
2a:56:ee:c8:84:9f,Gastrofix-POS-M,[WPA2-PSK-CCMP+TKIP][RSN-PSK-CCMP+TKIP][WPA-PSK-CCMP+TKIP][ESS],2021-05-13 17:42:36,108,-94,59.91842340339196,10.760594893357199,77.86928160438121,6,WIFI
a2:17:d8:04:63:e3,Qsys,[WPA2-PSK-CCMP+TKIP][RSN-PSK-CCMP+TKIP][WPA-PSK-CCMP+TKIP][ESS],2021-05-13 17:42:36,48,-95,59.91842340339196,10.760594893357199,77.86928160438121,6,WIFI
b2:17:d8:04:63:e3,Gastrofix-POS-M,[WPA2-PSK-CCMP+TKIP][RSN-PSK-CCMP+TKIP][WPA-PSK-CCMP+TKIP][ESS],2021-05-13 17:42:36,48,-96,59.91842340339196,10.760594893357199,77.86928160438121,6,WIFI
fa:8f:ca:56:aa:6c,,[ESS],2021-05-13 17:42:39,60,-66,59.91841985333936,10.760594186258713,77.86871638416149,6,WIFI
2e:56:ee:c8:84:9f,Gastrofix-POS,[WPA2-PSK-CCMP+TKIP][RSN-PSK-CCMP+TKIP][WPA-PSK-CCMP+TKIP][ESS],2021-05-13 17:42:39,108,-92,59.91841985333936,10.760594186258713,77.86871638416149,6,WIFI
3a:56:ee:c8:84:9f,Qsys,[WPA2-PSK-CCMP+TKIP][RSN-PSK-CCMP+TKIP][WPA-PSK-CCMP+TKIP][ESS],2021-05-13 17:42:39,108,-93,59.91841985333936,10.760594186258713,77.86871638416149,6,WIFI
53:27:ba:ec:70:78,,Uncategorized;10,2021-05-13 17:42:41,7936,-79,59.918415460907134,10.760591859569317,77.15343039741872,6,BT
7f:b1:b1:31:eb:2a,,Misc,2021-05-13 17:42:41,0,-83,59.918415460907134,10.760591859569317,77.15343039741872,6,BLE
60:7e:c9:2f:30:02,Camilla sin iPhone,Smartphone;12,2021-05-13 17:42:41,524,-39,59.918415460907134,10.760591859569317,77.15343039741872,6,BLE
7a:51:24:1d:39:48,,Misc,2021-05-13 17:42:41,0,-81,59.918415460907134,10.760591859569317,77.15343039741872,6,BLE
4e:ce:1a:78:16:ed,,Misc,2021-05-13 17:42:41,0,-82,59.918415460907134,10.760591859569317,77.15343039741872,6,BLE
57:11:4d:80:73:c1,,Misc,2021-05-13 17:42:43,0,-83,59.91841135417227,10.760588885093256,76.84197642804372,4,BLE
14:bb:6e:09:79:ba,[TV] UE50J6275,Misc,2021-05-13 17:42:43,7936,-70,59.91841135417227,10.760588885093256,76.84197642804372,4,BLE
8c:79:f5:d3:63:df,,Misc,2021-05-13 17:42:43,0,-91,59.91841135417227,10.760588885093256,76.84197642804372,4,BLE
59:e3:e8:cb:87:72,,Misc,2021-05-13 17:42:43,0,-61,59.91841135417227,10.760588885093256,76.84197642804372,4,BLE
54:16:2a:8b:04:3a,,Misc,2021-05-13 17:42:43,0,-90,59.91841135417227,10.760588885093256,76.84197642804372,4,BLE
f4:17:b8:c0:23:66,Air4930_4374,[WPA2-PSK-CCMP][RSN-PSK-CCMP][ESS][WPS],2021-05-13 17:42:45,6,-82,59.91840806193332,10.760589987893862,76.60840918958286,4,WIFI
a8:5e:45:62:0e:4c,ByggB=360.001-OU001,[WPA2-PSK-CCMP][RSN-PSK-CCMP][ESS],2021-05-13 17:42:48,6,-74,59.91840417210812,10.760589187798393,76.17267189290781,4,WIFI
98:da:c4:9c:9f:b3,Vekstika2,[WPA2-PSK-CCMP][RSN-PSK-CCMP][ESS][WPS],2021-05-13 17:42:48,48,-86,59.91840417210812,10.760589187798393,76.17267189290781,4,WIFI
c3:e1:84:dc:f4:34,LE_WH-1000XM4,Misc,2021-05-13 17:42:48,0,-84,59.91840417210812,10.760589187798393,76.17267189290781,4,BLE
fa:8f:ca:34:d2:bc,,[ESS],2021-05-13 17:42:51,108,-84,59.91840295203814,10.760588571601302,75.97698947412518,4,WIFI
50:1c:b0:b5:03:4f,ok-i,[WPA2-EAP-CCMP][RSN-EAP-CCMP][ESS],2021-05-13 17:42:51,44,-88,59.91840295203814,10.760588571601302,75.97698947412518,4,WIFI
36:56:ee:c8:81:ca,Sudost,[WPA2-PSK-CCMP+TKIP][RSN-PSK-CCMP+TKIP][WPA-PSK-CCMP+TKIP][ESS],2021-05-13 17:42:54,108,-73,59.91840245557184,10.760579631685594,75.78565815523977,6,WIFI
32:56:ee:c8:81:ca,Sudost Gjest,[WPA2-PSK-CCMP+TKIP][RSN-PSK-CCMP+TKIP][WPA-PSK-CCMP+TKIP][ESS],2021-05-13 17:42:54,108,-73,59.91840245557184,10.760579631685594,75.78565815523977,6,WIFI
d0:6e:de:90:87:0b,Get-5G-908706-2G,[WPA2-PSK-CCMP][RSN-PSK-CCMP][ESS][WPS],2021-05-13 17:42:54,11,-74,59.91840245557184,10.760579631685594,75.78565815523977,6,WIFI
98:1e:19:a1:e3:ac,Berbadinternet 2,[WPA2-PSK-CCMP][RSN-PSK-CCMP][ESS][WPS],2021-05-13 17:42:54,11,-76,59.91840245557184,10.760579631685594,75.78565815523977,6,WIFI
5c:f4:ab:48:40:0c,BMR-Guest,[WPA2-PSK-CCMP][RSN-PSK-CCMP][ESS],2021-05-13 17:42:54,8,-86,59.91840245557184,10.760579631685594,75.78565815523977,6,WIFI
38:d5:47:1f:9d:bc,ASUS_5G,[WPA2-PSK-CCMP][RSN-PSK-CCMP][ESS][WPS],2021-05-13 17:42:57,112,-81,59.918395668995394,10.760575385659541,75.61736129354203,6,WIFI
aa:17:d8:04:63:e3,Sudost Gjest,[WPA2-PSK-CCMP+TKIP][RSN-PSK-CCMP+TKIP][WPA-PSK-CCMP+TKIP][ESS],2021-05-13 17:42:57,48,-96,59.918395668995394,10.760575385659541,75.61736129354203,6,WIFI